2026 REVENUE PROJECTION - WhyGO Aligned,,,,,,,,,,,,
"Sales WhyGO #1: 18+ specs, 75% conversion, $7M revenue",,,,,,,,,,,,
,,,,,,,,,,,,
WHYGO ASSUMPTIONS,,,,,,,,,,,,
Monthly Fee (avg),"$75,000",,,,,,,,,,,
Spec Period (months),2,,,,,,,,,,,
Target Conversion Rate,75%,WhyGO: 75%+,,,,,,,,,,
Target Specs (EOY),18,WhyGO: 18+,,,,,,,,,,
Target Revenue (EOY),"$7,000,000",WhyGO: $7M,,,,,,,,,,
,,,,,,,,,,,,
WHYGO QUARTERLY TARGETS,Q1,Q2,Q3,Q4,,,,,,,,
Specs Signed (cumulative),4,10,14,18,,,,,,,,
Paying Clients (cumulative),—,3,8,14,,,,,,,,
Revenue Target (cumulative),"$1,500,000","$3,500,000","$5,500,000","$7,000,000",,,,,,,,
,,,,,,,,,,,,
MONTHLY BREAKDOWN,,,,,,,,,,,,
,Jan,Feb,Mar,Apr,May,Jun,Jul,Aug,Sep,Oct,Nov,Dec
New Specs Signed,1,1,2,2,2,2,2,1,1,2,1,1
Cumulative Specs,1,2,4,6,8,10,12,13,14,16,17,18
Conversions This Month,0,0,1,1,2,2,2,2,2,1,1,2
Cumulative Paying Clients,0,0,1,2,4,6,8,10,12,13,14,16
Month 3 Payments (3x fee),$0,$0,"$225,000","$225,000","$450,000","$450,000","$450,000","$450,000","$450,000","$225,000","$225,000","$450,000"
Ongoing MRR (months 4+),$0,$0,$0,"$75,000","$150,000","$300,000","$450,000","$600,000","$750,000","$900,000","$975,000","$1,050,000"
Total Monthly Revenue,$0,$0,"$225,000","$300,000","$600,000","$750,000","$900,000","$1,050,000","$1,200,000","$1,125,000","$1,200,000","$1,500,000"
Cumulative Revenue,$0,$0,"$225,000","$525,000","$1,125,000","$1,875,000","$2,775,000","$3,825,000","$5,025,000","$6,150,000","$7,350,000","$8,850,000"
,,,,,,,,,,,,
QUARTERLY CHECK VS WHYGO,Q1,Q2,Q3,Q4,,,,,,,,
Specs (Projected),4,10,14,18,,,,,,,,
Specs (WhyGO Target),4,10,14,18,,,,,,,,
Paying Clients (Projected),1,6,12,16,,,,,,,,
Paying Clients (WhyGO Target),0,3,8,14,,,,,,,,
Revenue (Projected),"$225,000","$1,875,000","$5,025,000","$8,850,000",,,,,,,,
Revenue (WhyGO Target),"$1,500,000","$3,500,000","$5,500,000","$7,000,000",,,,,,,,
Variance,"-$1,275,000","-$1,625,000","-$475,000","$1,850,000",,,,,,,,
,,,,,,,,,,,,
SUMMARY,,,,,,,,,,,,
Total Specs Signed,18,Target: 18+,,,,,,,,,,
Total Conversions,16,,,,,,,,,,,
Conversion Rate,89%,Target: 75%+,,,,,,,,,,
Total 2026 Revenue,"$8,850,000",Target: $7M,,,,,,,,,,
Gap to WhyGO,"$1,850,000",,,,,,,,,,,
,,,,,,,,,,,,
KEY INSIGHT,,,,,,,,,,,,
Model shows $8.85M EOY (above $7M!) but quarterly timing differs:,,,,,,,,,,,,
Q1: $225K vs $1.5M target (only Jan specs convert in Q1),,,,,,,,,,,,
Q2: $1.9M vs $3.5M target (revenue ramps as conversions stack),,,,,,,,,,,,
WhyGO Q1 target may assume existing clients or higher early deal size,,,,,,,,,,,,